0,People should not have to worry about being shot while shopping or attending school. This is getting ridiculous. Coâ€¦ https://t.co/83LVF1URjk
0,I Need To Go Shopping! I Need New Clothes ğŸ˜©
0,@hawillisdc I am still shopping for a good shop because budtenders keep throwing shade at me for wanting CBD-only pâ€¦ https://t.co/u1oO4YcNZj
0,"Funny, you start charging a $1 deposit for shopping carts, yet your employees will not provide change.  So rather tâ€¦ https://t.co/2F5GvC1Zah"
0,Entre tapas &amp; tapas &amp; socos &amp; chutes em Outback Carioca Shopping https://t.co/wGvU2O3W9R
0,Google Shopping Via Image Optimization:Secrets No One Tells You https://t.co/iyKyExcNHq via @misra_amrita
0,I liked a @YouTube video https://t.co/UHNh2d81CZ Allen Iverson Goes Sneaker Shopping With Complex
0,"Adding value to the retail customer experience ... https://t.co/8U9TdIdosI, see more https://t.co/1IqoMON3XW"
1,#Airdrop #Lazada #Coin #Cheque #Shopping #Store #Online #iOS #Android #WebBase #Sale #Cheaper #COD #FreeDeliveryâ€¦ https://t.co/pfXW4ymHWE
,
0,Why do I always wanna go out for food after doing a shit ton of grocery shopping?
0,@VeronicaSam13 I usually do some online shopping on the weekend. Skipped anything on Amazon this time.
0,I didn't do my shopping today cause lazy so I guess I'm ordering pizza. ğŸ¤·â€â™€ï¸
0,Update: apparently the whole city decided 6pm on Saturday was a good time to go grocery shopping. ğŸ˜‚
1,Check out Victoria's Secret Pink Women's Blue and White Terry Cloth Pool Cover up Large #CoverUpâ€¦ https://t.co/nyOMP6H49y
0,"@ciaoobelllaxo 
Hey been shopping @ the merch shop. Definitely would like more color options for the dad hat. Maybeâ€¦ https://t.co/c7yVe2CqNV"
1,Lifeprint 2x3 Portable Photo AND Video #printer for iPhone and Android. Make Your Photos Come To Life w/ Augmentedâ€¦ https://t.co/nYAWUdbwmU
0,Should I bomb a hill in a shopping cart or something like it?ğŸ˜‚
0,me doing some online shopping to make myself feel better after losing my card https://t.co/z07qqvs1DB
0,I absolutely HATE dress shopping.
0,today was such a successful shopping day
0,"I love online shopping, especially when it comes in the mail and it feels like Christmas all over again. ğŸ˜ŠğŸ˜ŠğŸ˜Š"
0,Shopping* kk
0,@FriendshipRoom1 Hey OOOO HI OOOOO     #Ohio  Goin' #Shopping?  #dogood
0,"Steelers not shopping Martavis Bryant?
https://t.co/vBvo7Lr7dy"
0,I forgot how exhausting shopping is ğŸ’†ğŸ»â€â™€ï¸ğŸ§–ğŸ»â€â™€ï¸
0,@petrinam1 @kathieallenmd @amazon Sam=Waltonâ€™s Best to stay far away. Same as shopping at Wally World.
0,I have an online test I need to do but bathing suit shopping seems more important at the moment
0,Went shopping today ğŸ˜Š Spoiled myself a little !
0,Told a coworker I ordered a book from amazon and it arrived missing its first 22 pages and she told me how she likeâ€¦ https://t.co/4UFkAD1Zxx
0,"@Topgolf your new Miami, FL location is horribly managed. Food/drink servicing is non existent and is a very poor eâ€¦ https://t.co/1oEZFucQMZ"
1,Enter daily @farmstarliving to #WIN $500 Shopping Spree + 3-month supply of spuds @IdahoPotato!  #LoveIdahoPotatoes https://t.co/gBZZKjCjQY
0,it's kind of weird having money in a savings account but also plenty of money in my checking ğŸ˜¬ just gotta keep my impulse shopping in check
0,Ready for my tax check to get back so I can go online shopping ğŸ˜
0,@DenverComicCon My kids and I have been shopping for conventions to go to this year. They picked yours based on theâ€¦ https://t.co/7UAexvxEms
0,Need to hire a personal stylist who will go shopping for me ğŸ˜­
0,"My online shopping in the last 48 hours has consisted of a jersey, 2 pairs of shoes, 2 t shirts, 2 pairs of socks aâ€¦ https://t.co/XnetAMwvXG"
0,I hate shopping for bras because they never have my size omg not mention i have the smallest boobs on this universe
0,"I'm at Shopping do Vale - @shoppingvalers in Cachoeirinha, RS https://t.co/ouszo3QDbR"
0,"@lhfang Obviously, shopping for a foreign buyer to buy the name."
1,ğŸ†“  #Free Video #Numerology Report - https://t.co/TA3ogGjFiY - Your #Life Path - #Spiritual #Shop_8_9â€¦ https://t.co/w9CiAdhLM9
0,"car shopping is hard, I want a Range Rover with Honda moneyğŸ˜­"
0,"Shopping Mall Sentral Lot G
Scale 1:150

Visit us at https://t.co/6iuaVPmrin    

#tnb #tnbuiltwest #scalemodelâ€¦ https://t.co/pjeTpvQOHi"
0,"5km, China mall shopping, had visitors, had to drop off a friend at a party that I ended up attending. Lights out"
0,"I hate making plans to go out and then realizing that I have NO clothes to wear. Actually, this is an everyday thinâ€¦ https://t.co/anCPgz5u1E"
0,"I like to think I'm smart, but why I thought it would be a good idea to go to a shopping center on a Saturday night is beyond me"
0,Macyâ€™s outlet store to open at shopping center in Dayton area https://t.co/zRIKP4Bj5k
0,I need to go shopping with an unlimited card ğŸ’”
1,"Midnight Blue #Sapphire #Earrings In #SterlingSilver, #HandmadeJewelry By #NorthCoastCottage #Jewelry #Design &amp;â€¦ https://t.co/FnPwT35tGi"
0,"Let's take the stress of shopping for beauty products with a one stop source for all bath &amp; body, make up and persoâ€¦ https://t.co/itOlrHwleI"
0,"Damn near why i donâ€™t live in Rockford no more, canâ€™t go shopping without any violence and people looking for trouble"
0,"It's been so long since I've gone shopping that I don't even know what size I am anymore, most of my bottoms fit meâ€¦ https://t.co/ATrbF6jlRN"
0,@9NewsAUS Hope 1st lady Lucy had time for at least 1 shopping trip!!!!
0,"#polaroid Originals 9003 OneStep 2 Instant Film #camera, White
#Amazon #online #shopping #travel #offer #dealâ€¦ https://t.co/qzF1PaULC0"
0,I need to go grocery shopping so I can cook at Juanâ€™s house but heâ€™s so impatient when I cookğŸ˜’
0,I liked a @YouTube video https://t.co/l8ivWiduvG Frann and Pamela Doll Go Shopping At Target! Doll Photography!
1,Cooler than me!! #rapper #rappers #mixtape #mixtapes#needbeats#producers#studio#trapmusic#mixtapemusic#musicproduceâ€¦ https://t.co/zV4ZruzM9A
0,Iï¸ think Iï¸ have a shopping problem
0,shopping time ğŸ¤‘ğŸ’µ
0,@erinpc77 I went shopping last night. All is well!
,Bra shopping dead
,"Grown man RIDING the shopping cart down the parking lot at #Kroger. Rock on, sir!"
,"Supervisor, Facilities https://t.co/WPzHjfukSf MyTOWN Shopping Centre
 Location : Kuala Lumpur M14 MY
Managing ... https://t.co/H5DKqTnbsF"
,"Supervisor, Facilities https://t.co/wuUKtNQydT MyTOWN Shopping Centre
 Location : Kuala Lumpur M14 MY
Managing ... https://t.co/G88ER8EzaW"
,Been prom shopping all day &amp; still ainâ€™t find shxt ğŸ˜‚ğŸ¤¦ğŸ¾â€â™‚ï¸
,Today's Deal! ğŸ“¢ It's time to go shopping ;) Check out Today's Deals: https://t.co/wkwi67YeC6
,"@merebabe6 @brandylou525 Next time just us ladies and weâ€™ll do lunch, margs and some shopping ğŸ˜"
,"Check out Ann Taylor Womens Pink, Fuchsia, White Striped Rockabilly Swing Dress Size 6 #AnnTaylorâ€¦ https://t.co/qh0PhHsDsr"
,@jun1or_f Shopping*
,Went downtown...walked around...ate...went shopping. ğŸ˜ŒğŸ˜ŒğŸ˜ŒğŸ˜Œ
,PASHA DU VALENTINE: Shopping with me and my neurosis https://t.co/ESn2gVan9B
,"i just went shopping and look at what i came up to.........got a photo of them, with one should i get? https://t.co/7Qx5E6VIUL"
,"Brandon &amp; Myself are currently at the bar... 

Me: â€œletâ€™s get drunk-we dont have shit to do tomorrow we already wenâ€¦ https://t.co/5wyXARrm5Q"
,Enter daily @farmstarliving to #WIN $500 Shopping Spree + 3-month supply of spuds @IdahoPotato!  #LoveIdahoPotatoes https://t.co/zbgYitd5nx
,Car shopping is depressing when places keep turning you down!! #carshopping #depressed #igiveup
,Shopping for a #hottub? Read the extensive 2018 Buyer's Guide to help you find your perfect wellness retreat.â€¦ https://t.co/k4Pg3yn0pH
,WORTH (-08oz) Baseball Bat https://t.co/ilaLq5PRP6 @eBay #mlb #BaseBall #SEO #Marketing #shopsmall #SmallBusinessâ€¦ https://t.co/zvkgSGA9Nr
,.@MelissaSerene on #Periscope: ğŸ’ğŸ’ğŸ’Live Crystal Shopping - Come Shop! Register via https://t.co/ZqDoUbg23E to https://t.co/hkvV9N8nAu
,QUILT SET OF 3 PCS https://t.co/YR6UEIq5uq
,I was doing some online shopping had about 400 dollars worth of gear in my cart and just closed out the site lol fuck am I thinking
,Check out Naked Wardrobe Women's Purple Lilac Wine Colored Skirt Small #NakedWardrobe #Straightâ€¦ https://t.co/5xcAvueqpq
,fully performed a one woman play today at a jakarta shopping mall in an attempt to explain how i got lost and was iâ€¦ https://t.co/qA0XbZm7N3
,Ordered all my cans online so I didnâ€™t have to carry them....shopping in my Pjâ€™s and a welcomeâ€¦ https://t.co/aRh7baiWcK
,Need to develop a company that makes shopping at womenâ€™s stores a better experience for men. Maybe put a few hiddenâ€¦ https://t.co/OwOMwd9j8H
,Todayâ€™s girls shopping day was much neededğŸ˜ğŸ’…ğŸ»
,Lmao take him panty shopping https://t.co/gPURASgp2v
,I volunteered to take Tierra grocery shopping and Iâ€™m over it already lol
,Would solar panels already installed be a big consideration when shopping for a new home? https://t.co/wYmBBNR0MQ https://t.co/n9REWLUaJS
,@Tesco_Derby Please tell me u guys will be enforcing this? https://t.co/args5d9Yff
,Elefull #powerbank 10000mAh #Flashlight Thin Design 2 USB Ports Quick Charge Mobile Phone Camera Speaker 5V deviceâ€¦ https://t.co/kZHbxNrbtW
,Love furniture and decorum shopping
,I liked a @YouTube video https://t.co/aoReBnqZt6 So we went shopping...
,opens receipt book. i skimmed through tl and chan's taking xiao out to buy cute things while simultaneously askingâ€¦ https://t.co/eeckRHQJ1z
,"Denim Patchwork
Navy Blue Background...Approx. 27 in. inseam...92% polyester, 8% spandex...OS (3-14) and PS (14-22)â€¦ https://t.co/KFGDOp6y8W"
,"I'm listening to music from my youth (ie: 90s hits like Gettin' Jiggy Wit It, Baby One More Time, and Forgot Aboutâ€¦ https://t.co/3cwljrnIGq"
,Car shopping is so stressful ğŸ¤¦ğŸ»â€â™€ï¸
,I honestly hate shopping for clothes
,I need to go shopping soon or Iâ€™m gonna buy 100 things online
,"Everything for the #bride to be and her #bridesmaid .
Easy #shopping with #freeshipping 
#brides #wedding #gownâ€¦ https://t.co/O1RfBbSZw8"
,Enter daily @farmstarliving to #WIN $500 Shopping Spree + 3-month supply of spuds @IdahoPotato!  #LoveIdahoPotatoes https://t.co/ypybU0aP7O
,Gotta love it when your meal prep runs out and you panic and just start grabbing random available food from the friâ€¦ https://t.co/jUAGo5X9l2
,I been shopping all week to cheer myself up. Itâ€™s not working but the packages make me happy soooo.... slight win? ğŸ˜•
,Ball dress shopping is so stressful
,"Happy Trails Again? Ormond shopping center seeks to up its game by adding stores, eateries - Daytona Beach News-Jouâ€¦ https://t.co/r0uJ5APPga"
,"While shopping for a dress for a wedding at @reformationx. I asked for a size up (a size 8), and the sales associatâ€¦ https://t.co/N1c1az71X5"
,women be shopping and honestly iâ€™m here for it #feminism
,One of my favorite things to do at the grocery store is look in the carts of grown men who are there alone and tryâ€¦ https://t.co/7XMT1LwQs6
,Marathon grocery shopping #imexhausted https://t.co/22e04Uxpf2
,@letsfrickfrack It has just been a very very shitty day. We went dress shopping for harlies wedding dress and a racâ€¦ https://t.co/imzkoWKvrd
,"Holding hands around shopping centres,
Your hair blew through his fingers,
Woah oh oh, another life."
,We literally went to Costco just for a convection oven and ended up grocery shopping ğŸ¤¦ğŸ»â€â™€ï¸
,Ight cause jerk shopping messing up
,Hey I hope everyone is having a good weekend! I did my grocery shopping for the week at Earth Fare today! Check theâ€¦ https://t.co/tVNVkJDTjJ
,"retail therapy ğŸ’šğŸ’™ 
I just love thrift shopping for books and craft supplies. can't wait to start some fun crafts wiâ€¦ https://t.co/7vYv6zzix4"
,Grocery shopping at Target is robbery https://t.co/beaW95uHjT
,"Sasrl Bluetooth Headphones, Wireless #Headphones Bluetooth 4.1 #Earbuds with Mic Sport Stereo Headset, Sweatproof Eâ€¦ https://t.co/CqYj0fwPx0"
,I need to go spring shopping for new clothes bc itâ€™s been way too long
,"Upper arm cuff bracelet with pearl white beads and silver plated chain, Bridal armlet, wedding #jewelry, #Boho Chicâ€¦ https://t.co/j6MFShkUrL"
,@JessieJaneDuff @Delta Just joined #NRA for the first time EVER... will be shopping for a #CCW... my kids can't couâ€¦ https://t.co/Xu2TudrgGT
,@SadeABC Sade I just realized I haven't been shopping in years years!!!!
,PASHA DU VALENTINE: Shopping for the Countess Wardobe https://t.co/flYEGliYpU
,I send Edwin pictures when Iâ€™m shopping to see if he likes things and today I tried on dresses for the first time aâ€¦ https://t.co/5ONcc2vq9O
,i keep avoiding everything like i could be hanging out or shopping or organizing my stuff but instead im binge watcâ€¦ https://t.co/NuOfp5XAwP
,WALANG SAWANG MAKEUP SHOPPING! â€“Â anneclutzVLOGS https://t.co/5dvOfMxup5
,"@Education4Libs How do you know when you are shopping in texas?

https://t.co/c11KXp2kpm"
,Time for spring/summer shopping for my baby.
,Shopping ğŸ’…ğŸ½ğŸ‘ 
,The FIRST EARTH DAY - 1970 Environmental Teach In Button with Peace Tree design #EarthDay #Environment #Protestâ€¦ https://t.co/l4PrE5lHJU
,my mom and I came home from shopping to see my aunt's car in our driveway...she drove her ass here from mexico andâ€¦ https://t.co/iOHS9sba1k
,"@Caseofbudlight Well hmu when you're home, where you shopping? And better yet, what're you getting me ğŸ‘€"
,"my solo self-care shopping spree brought me to macyâ€™s. 

bitch i said trEAT YOSELF because none of these hoes deserâ€¦ https://t.co/S65Db1vTtZ"
,Shopping today wassss greaaaattt ğŸ¤£ğŸ›
,Cooler than me! #rapper #rappers #mixtape #mixtapes#needbeats#producers#studio#trapmusic#mixtapemusic#musicproducerâ€¦ https://t.co/RZGViSbbPN
,.@ZenobiaBelet on #Periscope: The weatherâ€™s rubbish...want to come shopping at Australiaâ€™s 4th largest shopping cenâ€¦ https://t.co/Et5c1lKcWh
,@AmroAbdelAziz @CleonONE @LamineSane06 I need to burn my closet and go clothes shopping. This is too much fashion ğŸ˜²
,Shopping counts as cardio ğŸ› @ Platinum Fashion Malls https://t.co/hj9OgEW3Cq
,I liked a @YouTube video https://t.co/7iks2dh5Uo Mystery Shopping 101! Make Money Weekly As A Mystery Shopper! #SAVVYSIDEHUSTLES
,Enter daily @farmstarliving to #WIN $500 Shopping Spree + 3-month supply of spuds @IdahoPotato!  #LoveIdahoPotatoes https://t.co/pyQmmlSGxx
,@Snookielovesme @urbandoll it doesnâ€™t happen at my store so Iâ€™ll still be shopping... she was a former employee soooo
,I'm shopping for **** and my autosexual self is coming out ughhhhh
,I ainâ€™t went shopping for myself in a cool minute
,Came across these while shopping for some new socks. I have questions. https://t.co/WdMZo38Rak
,canâ€™t wait to go big big shopping ğŸ¤—
,Went shopping at Trader Joeâ€™s and it definitely made me feel a lot cooler than the usual Kroger trip
,"Day 1/90
""USA Men's Curling Wins Olympic Gold"", Itasca, IL.
February 24, 2018: 4:14m
#RedMiniShoppingCartâ€¦ https://t.co/Q3rMBTIPDB"
,Brotei no shopping ğŸ˜…
,Are Lodge Dutch Ovens Really as Good as Le Creuset and Staub? â€” Shopping  https://t.co/RcdWdzwQDM
,"I always complaint about having nothing to wear, yet I just did shopping last week ğŸ˜¹ Omg self. Why you like that?"
,Who needs friends when your entire family goes wedding dress shopping with you? (Including @bethharp driving all the way from Baltimore) ğŸ˜ğŸ™ğŸ»
,shopping cariocaKKKKKKKK https://t.co/33wiRRPpnc
,Retailers with shopping apps now see majority of e-commerce sales from mobile https://t.co/e5VfLjJjy5 #Marketing https://t.co/h5LGMoPCiV
,Lucy and I had a day on the town shopping and dining in downtown Dade City this afternoon . She was a hit! ğŸ˜ğŸ•â¤
,I'm online shopping in the shower life is good
,"â€œBlack Pantherâ€ Is Inspiring Black Brazilians to Occupy Elite, White Shopping Malls https://t.co/EIPWQblGnj"
,"these were taken before my 2 mental breakdowns while dress shopping 2day :,)) https://t.co/Vebd1bGOhk"
,im getting dragged grocery shopping if something awesome or awful happens in the match @ me
,my mom went grocery shopping and came home with a bunny...not gonna complain
,I just got out of cmf all dressed like im having a job interview and now my mom expects me to look normal shopping at aldi
,"@wimpyking @Oscar11104 Half the tiles in the runcorn shopping shitty are netted incase they fall off, at least these have adhesive."
,"Yes, I am in a shopping mood.  Saw this #LymeDisease shirt and am so tempted to get it for my #dog.  https://t.co/48O6RqrnOW"
,Enter daily @farmstarliving to #WIN $500 Shopping Spree + 3-month supply of spuds @IdahoPotato!  #LoveIdahoPotatoes https://t.co/edFecipe5P
,"today is going to be so good, iâ€™m going out for pancakes then going stationary shopping and prepping for uni and thâ€¦ https://t.co/JFO0WcM1ix"
,My suga and I went on a lil shopping spree ğŸ˜ https://t.co/6vaY2ApSxT
,ek. already shopping for bby â¤ï¸ inluv w/ the theme i decided to go w!
,Home Shopping Mirror Style 80726 - Gold Face with Black Speckles Read more.. https://t.co/HLQR5UFcsj https://t.co/48yISAqNdY
,"2018 Newest #Dell Premium Business Flagship #Laptop PC 15.6"" HD LED-backlit Display Intel i3-7100U Processor 8GB DDâ€¦ https://t.co/KtFnltY1Qk"
,#muffinbreak @ Waverley Gardens Shopping Centre https://t.co/xkwnwFboX3
,vou morar nesse shopping
,"Best Shopping Apps 2018 - Coupons, Price Comparisons, Price Matching https://t.co/TeI7Q4TwJi via @tomsguide"
,fancy shopping time in german songs while trying to hear english words
,Enter daily @farmstarliving to #WIN $500 Shopping Spree + 3-month supply of spuds @IdahoPotato!  #LoveIdahoPotatoes https://t.co/zEyjqUrr5C
,"shopping, hair cut âœ…"
,I just supported Operation Walk - Women Orthopaedist Global... by shopping @AmazonSmile. #YouShopAmazonGivesâ€¦ https://t.co/IM86b7RfzY
,These kids are legit riding around in a shopping cart unsupervised and their mom gives no fucks ğŸ¤¦ğŸ»â€â™€ï¸
,"@SCHEELS @DMKANDOIT Definitely be shopping @SCHEELS ! 

@jrsalzman"
,New ArrivalsğŸ’ƒğŸ¾ get Hung Up you could never go wrong with black ğŸ˜ #girlboss #heels #shoppingâ€¦ https://t.co/RqKfOEjVUp
,Need to go vape shopping
,@PirateWench @GeorgeTakei @FedEx @amazon @UPS @amazonprimenow You can bet other startup companies with their type oâ€¦ https://t.co/hd9sbupxwB
,"Precisely..
#Masonmarketplace #mason #shopping #discounts #sales #entrepreneur #Tech #Affiliatemarketing #successâ€¦ https://t.co/XwMhtBocIk"
,These are my guys!! â¤ï¸ğŸš”ğŸ’™ğŸ¾ğŸ™ğŸ¼ğŸ‡ºğŸ‡¸ğŸ˜˜#LivePDNation #HumanLieDetector ....going shopping!! https://t.co/bldbhe1xEo
,"I'm at Stoneridge Shopping Center in Pleasanton, CA https://t.co/iDxqBtrIVs"
,"then, I saw a shopping cart in the back yard and was like ğŸ’¡ use the cart to collect the cans on the ground â€” the guys loved it ğŸ˜"
,Morning... @ Waverley Gardens Shopping Centre https://t.co/HT50r4JxCN
,I need to go shopping ASAP
,Can I Dropout of Adult Life Like I Did College? Cause I remember a time when Groccery shopping for the house was kiâ€¦ https://t.co/ny0CNMbK9o
,PASHA DU VALENTINE: Getting My Waist Back and Corset Shopping https://t.co/nJhSNzC4p4
,"@FlyTheBlueW Ross gets busy like that? I think there's one in a shopping center nearby, one I go to often. Never been inside."
,"Thank you so much @MaulkinSnowmew for your amazing #AltFurry Propaganda peice idea had fun shopping this!

FEAR THEâ€¦ https://t.co/30GKCSzEV2"
,"Goddess wants your soul ğŸ‘€ 

I am back home, be fresh for a nice shopping spree and date tomorrow ğŸ˜ŠğŸ”

@rtsucker @_EFDP @RTPork @RTPiggyy"
,"10 Consignment, Flea Market, And Neighborhood Yard Sale Shopping Hacks

https://t.co/aTwMkRnlmb https://t.co/oyLC9nG85j"
,Out shopping ğŸ’ƒğŸ»
,@andyblack My daughter is introducing her friend to the ask Andy show and the shopping cart story comes on ğŸ˜‚ğŸ˜‚
,"@samesfandiari I agree, San Jose is probably one of the worst laid out cities in america because nimbys fights everâ€¦ https://t.co/CZoG8si5C6"
,"Chocolate Layered Birthday Cake
These Chocolate layered birthday cakes are very LARGE bath bombs, and the top is soâ€¦ https://t.co/HCRVRpRXZG"
,Post grocery shopping snackage. https://t.co/UlQAKoSLHn
,@PxnkCherry - anything maybe we could finish this day off with a little shopping trip to get you those stockings anâ€¦ https://t.co/N2FBNoKQng
,Woman Gets 16 Years for Shopping With Dead Baby in Bag  https://t.co/L7Sr9pcKlO
,"@2big_2fail @shannoncoulter @amazon You can do it.
I gave them up well over a year ago.
When you are shopping for sâ€¦ https://t.co/ds38gDbUAU"
,"Shopping list

Gym bag
Gym shoes 

ğŸ™ğŸ™ğŸ™"
,Shopping is exhaustingggghg
,Shopping for a vehicle? Check out our newest addition: 2017 Audi R8: https://t.co/QZXrG0PzuZ
,"@RobGronkowski Hmm, not sure I can control my temptation for chocolate nor shoe shopping, but you're amazing eitherâ€¦ https://t.co/gG4BZdqVdg"
,"#PokemonGOCommunityDay 

For the 1st hour, walked one hallway of a mall between 2 Pokestops, then after shopping, hâ€¦ https://t.co/g1HIVyb3M5"
,Kona Coffee:  What You Need to Know https://t.co/ZUVZVDH01x
,@eatsmartbd @LiveSonima @CandiceKumai @ErinPalinski Thanks! Always have fresh ideas to add to the shopping cart when I revisit this list.
,since my since is gonna be @ E3 on my bday sheâ€™s taking me shopping hehehehe
,there are few phrases I hate more than â€œformal dress shoppingâ€ bc Iâ€™ll probably just wear a t-shirt if weâ€™re being honest
,Iâ€™m ready to go eat now ğŸ˜’ shopping was fun thou ğŸ˜Œ
,Having a treat-my-self night shopping that doubles as more to give away if I accidentally die in Guatemala.
,@FeverTTV what rope light kit to get? Been shopping amazon
,Even when @mistresstess1 is poorly doesn't stop Mistress extracting as much humiliation as possible by being sent sâ€¦ https://t.co/h8ro81TNoB
,My favorite post sabbath nap activity to do is go online shopping ğŸ˜
,"Wii to HDMI Converter Compatible with Full HD Device, PORTHOLIC Wii HDMI Adapter with 3,5mm #audio Jack&amp;HDMI Outputâ€¦ https://t.co/hZ9y349zww"
,I had a wonderful pre birthday lunch &amp; shopping with @lovelycellist17. So happy to have spent the day with you. I love you!! ğŸ’™
,I liked a @YouTube video https://t.co/6N53Cp80lL HUGE Shopping Haul 2018 | Daisy Marquez
,La Seuza just stole my heart. We need one in Cleveland. And that says a lot bc i donâ€™t even like panty shopping lol
,Successful day of mini shopping and being a tourist in ya own cityğŸ˜ğŸ˜ğŸ˜ #NOLAILOVEYOU
,"@lesleyh17 Hi Lesley, Nice to here from you. Hope you're okay-I  noticed you hadn't been around. I'm not on much eiâ€¦ https://t.co/KfUWPAcL9u"
,Damn i need to go clothes shopping
,iâ€™ve been online shopping for hoursssssss
,Did Some Shopping Therapy ğŸ˜Œ
,@ItsMeJessAriane OMG.....the how will Supermarkets survive w/o Singles Meals Aisle Anst and what about all those buâ€¦ https://t.co/vf2Wh1AeGn
,can't wait to go grocery shopping in the morning &amp; pick up my baby
,@realDonaldTrump @CNN @TuckerCarlson Sorry Don... you are shopping another fake news story. You really need to stopâ€¦ https://t.co/IhQIFY5WN0
,Someone in Brooklyn may have stolen my identity and went on a shopping spree at Macyâ€™s today but it wonâ€™t affect myâ€¦ https://t.co/IZgmxQffdu
,"Iâ€™m only going away for a few days and my suitcase is packeddd, still going shopping tomorrow though! ğŸ™ˆ"
,"Once we arm all of the teachers that will prevent shootings in movie theaters, shopping malls, concerts and everywhere else too, right?"
,I'm fucken stressed... Time to go shopping n get a fade
,"Went shopping all day with mommy. I donâ€™t want to look at my discover bill, ever."
,I don't even remember what grocery shopping is like w/o having to use google translate...
,"I love shopping with a harsh, harsh world"
,My dad went shopping with me today and he was soooo awkward in Victoria Secret ğŸ˜‚ğŸ™ƒğŸ’•
,Being sick in bed all day isnâ€™t a good thing for me because I end up shopping online ğŸ¤¦ğŸ»â€â™€ï¸
,@AnastasiaRoseXX Shopping what did you get anything good?
,"Shop for free

UNDER its â€œSwitch and Saveâ€ campaign, 10 selected Watsons VIP members were treated to an exciting shâ€¦ https://t.co/LYAgLNRmei"
,I need to go shoe shopping for the summer
,"Oh, gods, I love shopping! What shall we buy?"
,What do you think about shopping malls allowing #JehovahsWitnesses to have their carts inside? I saw two cartsâ€¦ https://t.co/xGNMd72avR
,@dodaistewart if youâ€™re shopping for staples... ğŸ˜» https://t.co/CKJxugHNpH
,I just supported charity: water by shopping @AmazonSmile. #YouShopAmazonGives https://t.co/vpOLvTi9BV
,ğŸŸğŸ—ğŸº em Outback Steakhouse (Shopping Tijuca) https://t.co/OCMEwfoflm
,Me and bob had a little laugh at my shite attempt at a home made Zog costume tonight. Shopping in the morning for aâ€¦ https://t.co/XiexWaD2k4
,Shopping ğŸ˜
,#tosimplyshop Wall Decor Branch with Birdcage Photo Frames https://t.co/PdXiiVBQ6n #gifts #homedecor #gardendecorâ€¦ https://t.co/Tpq3v14JSX
,Retailers with shopping apps now see majority of e-commerce sales from mobile https://t.co/djgVfylMsm https://t.co/piYnC2y7wW
,@LeighHughes1103 and I were casually taking about wedding dress shopping and where I would go when that time came aâ€¦ https://t.co/STNcLXNVtx
,Nelson took me to red lobster after making me do bridesmaids dress shopping and the whole time heâ€™s counting all hiâ€¦ https://t.co/5PHwVOXsU1
,"@DeeDeeWCPC @MustardMarkWCPC Shopping for... what, precisely? We've got the Sharpie market cornered in preparationâ€¦ https://t.co/CjGh8pgaGp"
,@BirdLawDS @ursus_blancus @MaIoik Thank you for this! Iâ€™ve been shopping for a batshit conspiracy I can feel good aâ€¦ https://t.co/xt6BxsMS6K
,"Updated 2018 Version TV #Antenna, Indoor Digital HDTV Antenna Amplified 75 Mile Range 4K HD VHF UHF Freeview for Liâ€¦ https://t.co/7eV8fjnXoS"
,Online shopping and somehow I managed to buy a bird skull. ğŸ™ƒ
,Today has been productive af. Cleaned house. Went to work. Went grocery shopping. Did laundry. And now doing school work ğŸ˜
,@caitpilk Definitely don't go shopping high.
,"Classic Gold Round Jewelry Set for Women
 #trendy #shopping #design #beauty #streetstyle #beautiful https://t.co/2hnZEw7xHV"
,I hate shopping.
,Spaghetti Pots Reviews - Online Shopping Spaghetti Pots Reviews on https://t.co/5RxabiyjVo | Alibaba Group https://t.co/2IMpXphduS
,Had a great day shopping with my sweets! â£ï¸â£ï¸â£ï¸ https://t.co/UJYkSg38zH
,My One Year Clothe Shopping Ban: Why + 7 Tips https://t.co/bFbVeMGNnQ via @asaakemi
,Walmart shopping sober with this thing and I never see Looney Tunes or Merrie Melodies on the show.
,but overall all: AMAZING Saturday with the fammmğŸ“ #AustinTX #SanMarcosTX #Shopping #EricStephKids #BumbAssGuy https://t.co/2f7uR7I3E6
,@Education4Libs Yep joined yesterday for the first time...get a sweet hat. Going shopping at Trader Joeâ€™s the second I get it
,@KayleLeach No Kay couldn't get into it? How did shopping go? X
,"We were in Target and I went to go bend down to get a shopping basket but I heard Whizzer scream ""BABY"" as he flungâ€¦ https://t.co/iDAo0LuljE"
,"@Sp_abbey_ 
Hm, Iâ€™d probably go shopping with you
Hold your hand around town
Iâ€™d take you out to movies too
Probablâ€¦ https://t.co/9hX7oLyTX4"
,"It doesn't get any better than this!
Enter code FEBRUARY20 at checkout to get 20% off. Valid this week only.â€¦ https://t.co/2S3tKLQeqz"
,Iâ€™m stoked because on Wednesday me and Rowan are going to start my name change process and weâ€™re going thrift shopping. ğŸ‘ŒğŸ¼
,Spent the day shopping for things for our first house together... super excited! Love my Mr lots ğŸ˜˜â¤ï¸@j0nb0yh88
,Vim no shopping com adinna e grazy
,"@yellow_panna Hello, enjoy a good shopping!!! :)"
,"MARRAIGE ADVISE FROM SPAIR:  Everything works out if you give it time.

Me: (Didn't do any shopping for Valentine'sâ€¦ https://t.co/SujH70ng8I"
,"@CJ_Thunderfap Not sure of the age, but young enough to be sitting in a shopping cart.  At the grocery store my Momâ€¦ https://t.co/IbFY890xBP"
,I could give up #shopping but I'm not a quitter. Let's go shopping :) https://t.co/heozbdbL0a https://t.co/8rl2GDcCz9
,@JRizzle3270 Currently shopping but Iâ€™m about to head back to Willard here soon
,Being an adult and grocery shopping is cool and stuff besides the fact that I can NEVER EVER reach anything on any shelf #wheresmystepstool
,"I may love shopping, but I'm not buying your bullshit."
,Best AFFORDABLE Joggers &amp; Workout Pants (alpha m. Shopping VLOG) - https://t.co/Ma2uv3ko6q https://t.co/1QsbR295fm
,@METROgpt thanks for making the No. 7 such a convenience for me to use to go grocery shopping @shaws in Falmouth. Aâ€¦ https://t.co/5OeonJca7C
,"Had a fucking awesome day in Norwich with Pri bit of shopping, Bella italia then 50 shadesğŸ’"
,"Burnin Rubber is an addictive racing game full of action and get your adrenaline pumping! Start your car, get on thâ€¦ https://t.co/Y89YYOQ3sU"
,Join the shopping spree ğŸ˜˜ https://t.co/m7wGc4HIeY
,CÃ©lineâ€™s remake of supermarket shopping bags might leave you without any groceries in your fridge for months https://t.co/pXvjqO6Tht
,CÃ©lineâ€™s remake of supermarket shopping bags might leave you without any groceries in your fridge for months https://t.co/uinW22kCBv
,CÃ©lineâ€™s remake of supermarket shopping bags might leave you without any groceries in your fridge for months https://t.co/8N1ubkBLeJ
,Columbia 300 Bowling Ball https://t.co/IgjUM105fM @eBay #bowlingball #SEO #Marketing #shopsmall #SmallBusinessâ€¦ https://t.co/YYAl5UR6zw
,Columbia 300 Bowling Ball https://t.co/r7Z5FzZk2E @eBay #bowlingball #SEO #Marketing #shopsmall #SmallBusinessâ€¦ https://t.co/HhAcYGVBdn
,@kurage_setouchi I like the sweater and she is pretty also. But she needs some more Seiyu shopping..
,"@Cierra_Savannah yeah literally ğŸ˜‚ 
thee are two things you NEEEEED to keep me away from when it comes to shopping aâ€¦ https://t.co/bsZfPUbqy6"
,"All computer salesmen need to know, that when someone is out shopping for a laptop with their parents, the LAST thiâ€¦ https://t.co/gSt0lkwiHG"
,@minyeongi and i was like hmmm but i didnâ€™t order any and she was like klara you literally had hair extensions in yâ€¦ https://t.co/GIdhsMSotS
,On eastgate shopping center  basildon  please  share kids lesson  in basildon  @rdsifu @bromfordsmediaâ€¦ https://t.co/km9FsZa4uF
,If I could go like a month without shopping I would save so much money but nah
,Went shopping today :)
,FRICK I WAS WEARING THE SAME SHIRT AS WHEN I TRIED TO COPY MINHYUN FLJDSNBDKDJD i need to go shopping https://t.co/LCTVLQQgnQ
,Listen LIVE!  Now playing Online Shopping by Next!  Hosted by Tim Boudreau. https://t.co/XsKe43Vjj1
,@gablar Eventually worked out it was the lack of a person there to make sure it all worked that was unnerving - alsâ€¦ https://t.co/023DZp6QuB
,Went on a shopping spree and spent well over $500 ğŸ¤·ğŸ»â€â™€ï¸ &amp; now I see why Leonard didnâ€™t wanna go with me ğŸ˜‚ğŸ˜‚ğŸ˜‚
,Step 1: grabbing the biggest suitcase I have bc I have multiple shopping stops to make. https://t.co/hiC5ZxpE7r
,@GroovyHistory I think they all went shopping together and got their hair done at the same place.
,@SimpliSafe Did the #NRA break any laws? Did its members? Did the #NRA sell the rifle involved or any rifle for thaâ€¦ https://t.co/y6t6rHZG3j
,online shopping + drinking wine + watching a thunderstorm roll in = my best life ğŸ›ğŸ·â›ˆ